Test 1,Test 2,Test 3,Test 4,Test 5,Test 6,Test 7
A1,A1,A1,A1,A1,A1,A1
A2,A2,A2,A2,A2,A2,A2
A3,A3,A3,A3,A3,A3,A3
A4,A4,A4,A4,A4,A4,A4
A5,A5,A5,A5,A5,A5,A5
A6,A6,A6,A6,A6,A6,A6
A7,A7,A7,A7,A7,A7,A7
A8,A8,A8,A8,A8,A8,A8
A9,A9,A9,A9,A9,A9,A9
A10,A10,A10,A10,A10,A10,A10
A11,A11,A11,A11,A11,A11,A11
A12,A12,A12,A12,A12,A12,A12
A13,A13,A13,A13,A13,A13,A13
A14,A14,A14,A14,A14,A14,A14
A15,A15,A15,A15,A15,A15,A15
A16,A16,A16,A16,A16,A16,A16
A17,A17,A20,A17,A17,A17,A17
A18,A18,A21,A18,A18,A18,A18
A19,A19,A22,A19,A19,A19,A19
A20,A20,A23,A26,A20,A20,A20
A21,A21,A24,A27,A21,A21,A21
A22,A22,A26,A28,A22,A22,A22
A23,A23,A27,A29,A23,A23,A23
A24,A24,A28,A30,A24,A24,A24
A25,A25,A29,A31,A25,A25,A25
A26,A26,A30,A32,A26,,A26
A27,A27,A31,A33,A27,,A27
A28,A28,A32,A34,A28,,A28
A29,A29,A33,A35,A29,,A29
A30,A30,A34,A36,A30,,A30
A31,A31,A35,A37,A31,,A31
A32,A32,A39,A38,A32,,A32
A33,A33,A40,,A33,,A33
A34,A34,A41,,A34,,A34
A35,A35,A42,,A35,,A35
A36,A36,A43,,A37,,A36
A37,A37,A44,,A38,,A37
A38,A38,A45,,A39,,A38
A39,A39,A46,,A40,,A39
A40,A40,A47,,A41,,A40
A41,A41,A48,,A42,,A41
A42,A42,A49,,A43,,A42
A43,A43,A50,,A44,,A43
A44,A44,A51,,A45,,A44
A45,A45,A52,,A46,,A45
A46,A46,,,A47,,A46
A47,A47,,,A48,,A47
A48,A48,,,A49,,A48
A49,A49,,,A50,,A49
A50,A50,,,A51,,A50
A51,A51,,,A52,,A51
A52,A53,,,A56,,A52
A53,A54,,,A57,,A55
A54,A55,,,A58,,A58
A55,A56,,,A59,,A59
A56,A57,,,A60,,A60
A57,A58,,,A61,,A61
A58,A59,,,A62,,A62
A59,A60,,,A63,,A63
A60,A61,,,A64,,A64
A61,A62,,,A72,,A71
A62,A63,,,A73,,A76
A63,A64,,,A74,,A77
A64,A65,,,A75,,A78
A81,A66,,,A76,,A79
A82,A67,,,A77,,A80
,A68,,,A78,,
,A69,,,A79,,
,A70,,,A80,,
,A71,,,A117,,
,A72,,,A118,,
,A73,,,,,
,A74,,,,,
,A75,,,,,
,A76,,,,,
,A77,,,,,
,A78,,,,,
,A79,,,,,
,A80,,,,,
